timestamp,simple-path,time
2021-06-06 11:25:34.421,/master/welcome,2518
2021-06-06 11:25:34.652,/master/welcome,183
2021-06-06 11:25:35.91,/master/sign-in,1133
2021-06-06 11:25:37.175,/master/welcome,593
2021-06-06 11:25:38.767,/master/welcome,190
2021-06-06 11:25:39.466,/master/welcome,596
2021-06-06 11:25:39.813,/master/welcome,236
2021-06-06 11:25:41.138,/anonymous/shout/create,1144
2021-06-06 11:25:42.77,/master/welcome,591
2021-06-06 11:25:43.525,/anonymous/shout/list,584
2021-06-06 11:25:45.997,/master/welcome,175
2021-06-06 11:25:46.75,/anonymous/shout/create,583
2021-06-06 11:25:47.767,/anonymous/shout/create,589
2021-06-06 11:25:48.016,/master/welcome,173
2021-06-06 11:25:48.775,/anonymous/shout/create,590
2021-06-06 11:25:49.782,/anonymous/shout/create,582
2021-06-06 11:25:50.019,/master/welcome,158
2021-06-06 11:25:50.78,/anonymous/shout/create,597
2021-06-06 11:25:51.848,/anonymous/shout/create,593
2021-06-06 11:25:52.085,/master/welcome,160
2021-06-06 11:25:52.85,/anonymous/shout/create,595
2021-06-06 11:25:53.85,/anonymous/shout/create,592
2021-06-06 11:25:54.084,/master/welcome,157
2021-06-06 11:25:54.868,/anonymous/shout/create,594
2021-06-06 11:25:56.082,/anonymous/shout/create,598
2021-06-06 11:25:56.314,/master/welcome,154
2021-06-06 11:25:57.077,/anonymous/shout/create,592
2021-06-06 11:25:58.096,/anonymous/shout/create,595
2021-06-06 11:25:58.33,/master/welcome,157
2021-06-06 11:25:59.097,/anonymous/shout/create,597
2021-06-06 11:26:00.16,/anonymous/shout/create,597
